Name,Algorithm,Time Elapsed,Inertia,Adjusted Rand Index,Mutual Information Score,V-Measure,Folkes-Mallows Score
g2-1-10,K-Means,0.051002,200349.7559,1,0.693147181,1,1
g2-1-10,Bisecting K-Means (largest split),0.033002,200349.7559,1,0.693147181,1,1
g2-1-10,Bisecting K-Means (worst split),0.037987,200349.7559,1,0.693147181,1,1
g2-1-20,K-Means,0.044002,765226.7871,1,0.693147181,1,1
g2-1-20,Bisecting K-Means (largest split),0.056006,765226.7871,1,0.693147181,1,1
g2-1-20,Bisecting K-Means (worst split),0.094999,765226.7871,1,0.693147181,1,1
g2-1-30,K-Means,0.111994,1662578.662,1,0.693099496,1,1
g2-1-30,Bisecting K-Means (largest split),0.075003,1662578.662,1,0.693099496,1,1
g2-1-30,Bisecting K-Means (worst split),0.065994,1662578.662,1,0.693099496,1,1
g2-1-40,K-Means,0.048003,2293377.544,0.986368199,0.672420424,0.970474519,0.993184453
g2-1-40,Bisecting K-Means (largest split),0.061006,2293377.544,0.986368199,0.672420424,0.970474519,0.993184453
g2-1-40,Bisecting K-Means (worst split),0.065984,2293377.544,0.986368199,0.672420424,0.970474519,0.993184453
g2-1-50,K-Means,0.069997,3271503.818,1,0.692916374,1,1
g2-1-50,Bisecting K-Means (largest split),0.070001,3271503.818,1,0.692916374,1,1
g2-1-50,Bisecting K-Means (worst split),0.076999,3271503.818,1,0.692916374,1,1
g2-1-60,K-Means,0.107004,4272850.911,1,0.693139551,1,1
g2-1-60,Bisecting K-Means (largest split),0.106997,4272850.911,1,0.693139551,1,1
g2-1-60,Bisecting K-Means (worst split),0.080999,4272850.911,1,0.693139551,1,1
g2-1-70,K-Means,0.067001,5062585.492,1,0.693108556,1,1
g2-1-70,Bisecting K-Means (largest split),0.06602,5062563.223,0.982490572,0.667851684,0.96364056,0.991242707
g2-1-70,Bisecting K-Means (worst split),0.078003,5062563.223,0.982490572,0.667851684,0.96364056,0.991242707
g2-1-80,K-Means,0.070001,6389400.084,0.963216681,0.64522014,0.933112015,0.981661522
g2-1-80,Bisecting K-Means (largest split),0.100996,6389400.084,0.963216681,0.64522014,0.933112015,0.981661522
g2-1-80,Bisecting K-Means (worst split),0.106998,6389400.084,0.963216681,0.64522014,0.933112015,0.981661522
g2-1-90,K-Means,0.301018,8023717.617,0.992198948,0.680361249,0.981557176,0.996097587
g2-1-90,Bisecting K-Means (largest split),0.119,8023717.617,0.992198948,0.680361249,0.981557176,0.996097587
g2-1-90,Bisecting K-Means (worst split),0.091995,8023641.793,1,0.693142889,1,1
g2-1-100,K-Means,0.076002,9508694.953,0.984428371,0.669044133,0.966968242,0.992229897
g2-1-100,Bisecting K-Means (largest split),0.082002,9508991.317,0.967056219,0.649335907,0.93883085,0.983569992
g2-1-100,Bisecting K-Means (worst split),0.085019,9508991.317,0.967056219,0.649335907,0.93883085,0.983569992
g2-2-10,K-Means,0.036998,418803.1689,1,0.693147181,1,1
g2-2-10,Bisecting K-Means (largest split),0.044999,418803.1689,1,0.693147181,1,1
g2-2-10,Bisecting K-Means (worst split),0.068979,418803.1689,1,0.693147181,1,1
g2-2-20,K-Means,0.068999,1628119.6,1,0.693147181,1,1
g2-2-20,Bisecting K-Means (largest split),0.061998,1628119.6,1,0.693147181,1,1
g2-2-20,Bisecting K-Means (worst split),0.1,1628119.6,1,0.693147181,1,1
g2-2-30,K-Means,0.082003,3652317.456,1,0.693130014,1,1
g2-2-30,Bisecting K-Means (largest split),0.098998,3652317.456,1,0.693130014,1,1
g2-2-30,Bisecting K-Means (worst split),0.114999,3652317.456,1,0.693130014,1,1
g2-2-40,K-Means,0.067995,6315666.21,0.994146349,0.683122633,0.98555967,0.997071835
g2-2-40,Bisecting K-Means (largest split),0.062999,6315666.21,0.994146349,0.683122633,0.98555967,0.997071835
g2-2-40,Bisecting K-Means (worst split),0.071999,6315666.21,0.994146349,0.683122633,0.98555967,0.997071835
g2-2-50,K-Means,0.100001,8874807.384,1,0.693142889,1,1
g2-2-50,Bisecting K-Means (largest split),0.068007,8874807.384,1,0.693142889,1,1
g2-2-50,Bisecting K-Means (worst split),0.078002,8874807.384,1,0.693142889,1,1
g2-2-60,K-Means,0.073023,12439018.46,1,0.693130014,1,1
g2-2-60,Bisecting K-Means (largest split),0.089992,12439018.46,1,0.693130014,1,1
g2-2-60,Bisecting K-Means (worst split),0.075996,12439018.46,1,0.693130014,1,1
g2-2-70,K-Means,0.081993,16168783.83,0.961299875,0.643469913,0.930331983,0.980698697
g2-2-70,Bisecting K-Means (largest split),0.091001,16168783.83,0.961299875,0.643469913,0.930331983,0.980698697
g2-2-70,Bisecting K-Means (worst split),0.09598,16168783.83,0.961299875,0.643469913,0.930331983,0.980698697
g2-2-80,K-Means,0.090998,21205047.71,0.976688445,0.658502732,0.950157204,0.988340892
g2-2-80,Bisecting K-Means (largest split),0.087007,21204921.14,0.972829902,0.654058054,0.943768632,0.986411565
g2-2-80,Bisecting K-Means (worst split),0.08705,21204880.35,0.972829902,0.654058054,0.943768632,0.986411565
g2-2-90,K-Means,0.086995,25483027.07,0.992198901,0.678868536,0.981521522,0.996109254
g2-2-90,Bisecting K-Means (largest split),0.093995,25483046.06,0.994146315,0.681669691,0.985532377,0.997080348
g2-2-90,Bisecting K-Means (worst split),0.091009,25483027.07,0.992198901,0.678868536,0.981521522,0.996109254
g2-2-100,K-Means,0.089996,31011471.25,0.99414635,0.681846428,0.984208723,0.997073858
g2-2-100,Bisecting K-Means (largest split),0.095968,31011528.68,1,0.692799526,1,1
g2-2-100,Bisecting K-Means (worst split),0.096996,31011528.68,1,0.692799526,1,1
g2-4-10,K-Means,0.036997,812676.917,1,0.693147181,1,1
g2-4-10,Bisecting K-Means (largest split),0.157021,812676.917,1,0.693147181,1,1
g2-4-10,Bisecting K-Means (worst split),0.078999,812676.917,1,0.693147181,1,1
g2-4-20,K-Means,0.090002,3183311.222,1,0.693147181,1,1
g2-4-20,Bisecting K-Means (largest split),0.063998,3183311.222,1,0.693147181,1,1
g2-4-20,Bisecting K-Means (worst split),0.072003,3183311.222,1,0.693147181,1,1
g2-4-30,K-Means,0.070002,7465091.415,1,0.693147181,1,1
g2-4-30,Bisecting K-Means (largest split),0.074004,7465091.415,1,0.693147181,1,1
g2-4-30,Bisecting K-Means (worst split),0.083995,7465091.415,1,0.693147181,1,1
g2-4-40,K-Means,0.078005,13119018.61,1,0.693145273,1,1
g2-4-40,Bisecting K-Means (largest split),0.081997,13119018.61,1,0.693145273,1,1
g2-4-40,Bisecting K-Means (worst split),0.086996,13119018.61,1,0.693145273,1,1
g2-4-50,K-Means,0.085,20009216.04,1,0.693139551,1,1
g2-4-50,Bisecting K-Means (largest split),0.094,20009216.04,1,0.693139551,1,1
g2-4-50,Bisecting K-Means (worst split),0.094999,20009216.04,1,0.693139551,1,1
g2-4-60,K-Means,0.082001,28534736.21,1,0.693130014,1,1
g2-4-60,Bisecting K-Means (largest split),0.107002,28534736.21,1,0.693130014,1,1
g2-4-60,Bisecting K-Means (worst split),0.096003,28534736.21,1,0.693130014,1,1
g2-4-70,K-Means,0.101001,37971745.11,1,0.692799526,1,1
g2-4-70,Bisecting K-Means (largest split),0.098999,37971714.88,1,0.692799526,1,1
g2-4-70,Bisecting K-Means (worst split),0.117996,37971714.88,1,0.692799526,1,1
g2-4-80,K-Means,0.112997,49233486.65,1,0.693142889,1,1
g2-4-80,Bisecting K-Means (largest split),0.126998,49233486.65,1,0.693142889,1,1
g2-4-80,Bisecting K-Means (worst split),0.122999,49233486.65,1,0.693142889,1,1
g2-4-90,K-Means,0.099003,61315619.69,0.996095657,0.686077551,0.989802042,0.998046879
g2-4-90,Bisecting K-Means (largest split),0.116996,61315584.68,0.994146348,0.682206431,0.984216174,0.997071746
g2-4-90,Bisecting K-Means (worst split),0.111003,61315619.69,0.996095657,0.686077551,0.989802042,0.998046879
g2-4-100,K-Means,0.101998,74333006.91,1,0.693146704,1,1
g2-4-100,Bisecting K-Means (largest split),0.108005,74333006.91,1,0.693146704,1,1
g2-4-100,Bisecting K-Means (worst split),0.129999,74333006.91,1,0.693146704,1,1
g2-8-10,K-Means,0.069,1634146.454,1,0.693147181,1,1
g2-8-10,Bisecting K-Means (largest split),0.069996,1634146.454,1,0.693147181,1,1
g2-8-10,Bisecting K-Means (worst split),0.134002,1634146.454,1,0.693147181,1,1
g2-8-20,K-Means,0.067005,6527511.586,1,0.693147181,1,1
g2-8-20,Bisecting K-Means (largest split),0.080006,6527511.586,1,0.693147181,1,1
g2-8-20,Bisecting K-Means (worst split),0.077006,6527511.586,1,0.693147181,1,1
g2-8-30,K-Means,0.068,14685616.26,1,0.693147181,1,1
g2-8-30,Bisecting K-Means (largest split),0.078002,14685616.26,1,0.693147181,1,1
g2-8-30,Bisecting K-Means (worst split),0.086,14685616.26,1,0.693147181,1,1
g2-8-40,K-Means,0.067001,26350901.33,1,0.693147181,1,1
g2-8-40,Bisecting K-Means (largest split),0.081004,26350901.33,1,0.693147181,1,1
g2-8-40,Bisecting K-Means (worst split),0.081002,26350901.33,1,0.693147181,1,1
g2-8-50,K-Means,0.067001,40597226.74,1,0.693147181,1,1
g2-8-50,Bisecting K-Means (largest split),0.086006,40597226.74,1,0.693147181,1,1
g2-8-50,Bisecting K-Means (worst split),0.093003,40597226.74,1,0.693147181,1,1
g2-8-60,K-Means,0.093002,58878656.32,1,0.693142889,1,1
g2-8-60,Bisecting K-Means (largest split),0.076001,58878656.32,1,0.693142889,1,1
g2-8-60,Bisecting K-Means (worst split),0.079706,58878656.32,1,0.693142889,1,1
g2-8-70,K-Means,0.073998,80438585.37,1,0.693066593,1,1
g2-8-70,Bisecting K-Means (largest split),0.096997,80438585.37,1,0.693066593,1,1
g2-8-70,Bisecting K-Means (worst split),0.079998,80438585.37,1,0.693066593,1,1
g2-8-80,K-Means,0.088001,101879278.4,0.996095657,0.68607374,0.989801992,0.998046894
g2-8-80,Bisecting K-Means (largest split),0.097994,101879278.4,0.996095657,0.68607374,0.989801992,0.998046894
g2-8-80,Bisecting K-Means (worst split),0.086979,101879278.4,0.996095657,0.68607374,0.989801992,0.998046894
g2-8-90,K-Means,0.091005,131040811.2,1,0.693116663,1,1
g2-8-90,Bisecting K-Means (largest split),0.107995,131040803.3,0.998046875,0.689247463,0.994412548,0.999023013
g2-8-90,Bisecting K-Means (worst split),0.134249,131040769.4,0.996095658,0.686054685,0.989801738,0.998046968
g2-8-100,K-Means,0.148045,162983889.7,0.998046875,0.689271294,0.994412724,0.999022966
g2-8-100,Bisecting K-Means (largest split),0.103998,162983889.7,0.998046875,0.689271294,0.994412724,0.999022966
g2-8-100,Bisecting K-Means (worst split),0.104994,162983889.7,0.998046875,0.689271294,0.994412724,0.999022966
g2-16-10,K-Means,0.118999,3276611.647,1,0.693147181,1,1
g2-16-10,Bisecting K-Means (largest split),0.076929,3276611.647,1,0.693147181,1,1
g2-16-10,Bisecting K-Means (worst split),0.077984,3276611.647,1,0.693147181,1,1
g2-16-20,K-Means,0.092993,13122968.5,1,0.693147181,1,1
g2-16-20,Bisecting K-Means (largest split),0.075005,13122968.5,1,0.693147181,1,1
g2-16-20,Bisecting K-Means (worst split),0.081002,13122968.5,1,0.693147181,1,1
g2-16-30,K-Means,0.091017,29198738.53,1,0.693147181,1,1
g2-16-30,Bisecting K-Means (largest split),0.071995,29198738.53,1,0.693147181,1,1
g2-16-30,Bisecting K-Means (worst split),0.075904,29198738.53,1,0.693147181,1,1
g2-16-40,K-Means,0.080988,52032324.13,1,0.693147181,1,1
g2-16-40,Bisecting K-Means (largest split),0.070019,52032324.13,1,0.693147181,1,1
g2-16-40,Bisecting K-Means (worst split),0.080998,52032324.13,1,0.693147181,1,1
g2-16-50,K-Means,0.133013,81344118.4,1,0.693147181,1,1
g2-16-50,Bisecting K-Means (largest split),0.078997,81344118.4,1,0.693147181,1,1
g2-16-50,Bisecting K-Means (worst split),0.08702,81344118.4,1,0.693147181,1,1
g2-16-60,K-Means,0.100384,116506201.8,1,0.693147181,1,1
g2-16-60,Bisecting K-Means (largest split),0.084003,116506201.8,1,0.693147181,1,1
g2-16-60,Bisecting K-Means (worst split),0.085998,116506201.8,1,0.693147181,1,1
g2-16-70,K-Means,0.114996,160321712.7,0.998046875,0.6892732,0.994412738,0.999022963
g2-16-70,Bisecting K-Means (largest split),0.149976,160321712.7,0.998046875,0.6892732,0.994412738,0.999022963
g2-16-70,Bisecting K-Means (worst split),0.092998,160321712.7,0.998046875,0.6892732,0.994412738,0.999022963
g2-16-80,K-Means,0.147004,209184900.7,0.998046875,0.689264621,0.994412675,0.999022979
g2-16-80,Bisecting K-Means (largest split),0.106002,209184900.7,0.998046875,0.689264621,0.994412675,0.999022979
g2-16-80,Bisecting K-Means (worst split),0.112004,209184900.7,0.998046875,0.689264621,0.994412675,0.999022979
g2-16-90,K-Means,0.10302,263749923.4,1,0.69313526,1,1
g2-16-90,Bisecting K-Means (largest split),0.096853,263749923.4,1,0.69313526,1,1
g2-16-90,Bisecting K-Means (worst split),0.109002,263749923.4,1,0.69313526,1,1
g2-16-100,K-Means,0.144994,326748761.7,1,0.693139551,1,1
g2-16-100,Bisecting K-Means (largest split),0.102005,326748761.7,1,0.693139551,1,1
g2-16-100,Bisecting K-Means (worst split),0.104005,326748761.7,1,0.693139551,1,1
g2-32-10,K-Means,0.101956,6547030.964,1,0.693147181,1,1
g2-32-10,Bisecting K-Means (largest split),0.111001,6547030.964,1,0.693147181,1,1
g2-32-10,Bisecting K-Means (worst split),0.115016,6547030.964,1,0.693147181,1,1
g2-32-20,K-Means,0.106995,26200482.32,1,0.693147181,1,1
g2-32-20,Bisecting K-Means (largest split),0.115003,26200482.32,1,0.693147181,1,1
g2-32-20,Bisecting K-Means (worst split),0.131505,26200482.32,1,0.693147181,1,1
g2-32-30,K-Means,0.110019,58509007.84,1,0.693147181,1,1
g2-32-30,Bisecting K-Means (largest split),0.108996,58509007.84,1,0.693147181,1,1
g2-32-30,Bisecting K-Means (worst split),0.106973,58509007.84,1,0.693147181,1,1
g2-32-40,K-Means,0.108997,104285639.4,1,0.693147181,1,1
g2-32-40,Bisecting K-Means (largest split),0.116014,104285639.4,1,0.693147181,1,1
g2-32-40,Bisecting K-Means (worst split),0.112017,104285639.4,1,0.693147181,1,1
g2-32-50,K-Means,0.103997,164217281.1,1,0.693147181,1,1
g2-32-50,Bisecting K-Means (largest split),0.109997,164217281.1,1,0.693147181,1,1
g2-32-50,Bisecting K-Means (worst split),0.112978,164217281.1,1,0.693147181,1,1
g2-32-60,K-Means,0.112997,235823718.7,1,0.693147181,1,1
g2-32-60,Bisecting K-Means (largest split),0.106985,235823718.7,1,0.693147181,1,1
g2-32-60,Bisecting K-Means (worst split),0.116999,235823718.7,1,0.693147181,1,1
g2-32-70,K-Means,0.115001,320561367.3,1,0.693147181,1,1
g2-32-70,Bisecting K-Means (largest split),0.113978,320561367.3,1,0.693147181,1,1
g2-32-70,Bisecting K-Means (worst split),0.121998,320561367.3,1,0.693147181,1,1
g2-32-80,K-Means,0.11801,417995063.4,1,0.693147181,1,1
g2-32-80,Bisecting K-Means (largest split),0.115003,417995063.4,1,0.693147181,1,1
g2-32-80,Bisecting K-Means (worst split),0.126032,417995063.4,1,0.693147181,1,1
g2-32-90,K-Means,0.113995,527759467.5,1,0.693146704,1,1
g2-32-90,Bisecting K-Means (largest split),0.124003,527759467.5,1,0.693146704,1,1
g2-32-90,Bisecting K-Means (worst split),0.131494,527759467.5,1,0.693146704,1,1
g2-32-100,K-Means,0.121009,653907023.9,0.998046875,0.689268434,0.994412703,0.999022972
g2-32-100,Bisecting K-Means (largest split),0.146994,653907023.9,0.998046875,0.689268434,0.994412703,0.999022972
g2-32-100,Bisecting K-Means (worst split),0.126999,653907023.9,0.998046875,0.689268434,0.994412703,0.999022972
g2-64-10,K-Means,0.162014,13043480.78,1,0.693147181,1,1
g2-64-10,Bisecting K-Means (largest split),0.166016,13043480.78,1,0.693147181,1,1
g2-64-10,Bisecting K-Means (worst split),0.188023,13043480.78,1,0.693147181,1,1
g2-64-20,K-Means,0.160019,52560495.76,1,0.693147181,1,1
g2-64-20,Bisecting K-Means (largest split),0.177999,52560495.76,1,0.693147181,1,1
g2-64-20,Bisecting K-Means (worst split),0.183,52560495.76,1,0.693147181,1,1
g2-64-30,K-Means,0.171787,117876262.7,1,0.693147181,1,1
g2-64-30,Bisecting K-Means (largest split),0.175001,117876262.7,1,0.693147181,1,1
g2-64-30,Bisecting K-Means (worst split),0.193998,117876262.7,1,0.693147181,1,1
g2-64-40,K-Means,0.157022,209942027.8,1,0.693147181,1,1
g2-64-40,Bisecting K-Means (largest split),0.176005,209942027.8,1,0.693147181,1,1
g2-64-40,Bisecting K-Means (worst split),0.176984,209942027.8,1,0.693147181,1,1
g2-64-50,K-Means,0.161103,326468469.4,1,0.693147181,1,1
g2-64-50,Bisecting K-Means (largest split),0.171034,326468469.4,1,0.693147181,1,1
g2-64-50,Bisecting K-Means (worst split),0.178966,326468469.4,1,0.693147181,1,1
g2-64-60,K-Means,0.177015,468573187.8,1,0.693147181,1,1
g2-64-60,Bisecting K-Means (largest split),0.163131,468573187.8,1,0.693147181,1,1
g2-64-60,Bisecting K-Means (worst split),0.18415,468573187.8,1,0.693147181,1,1
g2-64-70,K-Means,0.173997,638078279.5,1,0.693147181,1,1
g2-64-70,Bisecting K-Means (largest split),0.177998,638078279.5,1,0.693147181,1,1
g2-64-70,Bisecting K-Means (worst split),0.191019,638078279.5,1,0.693147181,1,1
g2-64-80,K-Means,0.205,837041127,1,0.693147181,1,1
g2-64-80,Bisecting K-Means (largest split),0.194999,837041127,1,0.693147181,1,1
g2-64-80,Bisecting K-Means (worst split),0.193997,837041127,1,0.693147181,1,1
g2-64-90,K-Means,0.183005,1065350978,1,0.693147181,1,1
g2-64-90,Bisecting K-Means (largest split),0.181999,1065350978,1,0.693147181,1,1
g2-64-90,Bisecting K-Means (worst split),0.195,1065350978,1,0.693147181,1,1
g2-64-100,K-Means,0.176658,1313683852,1,0.693147181,1,1
g2-64-100,Bisecting K-Means (largest split),0.182436,1313683852,1,0.693147181,1,1
g2-64-100,Bisecting K-Means (worst split),0.194001,1313683852,1,0.693147181,1,1
g2-128-10,K-Means,0.332001,26352669.99,1,0.693147181,1,1
g2-128-10,Bisecting K-Means (largest split),0.389003,26352669.99,1,0.693147181,1,1
g2-128-10,Bisecting K-Means (worst split),0.372003,26352669.99,1,0.693147181,1,1
g2-128-20,K-Means,0.324019,104790246.6,1,0.693147181,1,1
g2-128-20,Bisecting K-Means (largest split),0.341004,104790246.6,1,0.693147181,1,1
g2-128-20,Bisecting K-Means (worst split),0.375002,104790246.6,1,0.693147181,1,1
g2-128-30,K-Means,0.327549,236198039.4,1,0.693147181,1,1
g2-128-30,Bisecting K-Means (largest split),0.325996,236198039.4,1,0.693147181,1,1
g2-128-30,Bisecting K-Means (worst split),0.333294,236198039.4,1,0.693147181,1,1
g2-128-40,K-Means,0.330478,420845463.7,1,0.693147181,1,1
g2-128-40,Bisecting K-Means (largest split),0.330004,420845463.7,1,0.693147181,1,1
g2-128-40,Bisecting K-Means (worst split),0.356982,420845463.7,1,0.693147181,1,1
g2-128-50,K-Means,0.320024,654022111.5,1,0.693147181,1,1
g2-128-50,Bisecting K-Means (largest split),0.323999,654022111.5,1,0.693147181,1,1
g2-128-50,Bisecting K-Means (worst split),0.469977,654022111.5,1,0.693147181,1,1
g2-128-60,K-Means,0.336432,947476386.1,1,0.693147181,1,1
g2-128-60,Bisecting K-Means (largest split),0.329028,947476386.1,1,0.693147181,1,1
g2-128-60,Bisecting K-Means (worst split),0.359947,947476386.1,1,0.693147181,1,1
g2-128-70,K-Means,0.38104,1290144185,1,0.693147181,1,1
g2-128-70,Bisecting K-Means (largest split),0.350003,1290144185,1,0.693147181,1,1
g2-128-70,Bisecting K-Means (worst split),0.36899,1290144185,1,0.693147181,1,1
g2-128-80,K-Means,0.345015,1670697441,1,0.693147181,1,1
g2-128-80,Bisecting K-Means (largest split),0.526953,1670697441,1,0.693147181,1,1
g2-128-80,Bisecting K-Means (worst split),0.416035,1670697441,1,0.693147181,1,1
g2-128-90,K-Means,1.228998,2126636034,1,0.693147181,1,1
g2-128-90,Bisecting K-Means (largest split),0.811998,2126636034,1,0.693147181,1,1
g2-128-90,Bisecting K-Means (worst split),0.624997,2126636034,1,0.693147181,1,1
g2-128-100,K-Means,1.142999,2630071804,1,0.693147181,1,1
g2-128-100,Bisecting K-Means (largest split),1.38288,2630071804,1,0.693147181,1,1
g2-128-100,Bisecting K-Means (worst split),0.392573,2630071804,1,0.693147181,1,1
g2-256-10,K-Means,0.714434,52499291.77,1,0.693147181,1,1
g2-256-10,Bisecting K-Means (largest split),0.760008,52499291.77,1,0.693147181,1,1
g2-256-10,Bisecting K-Means (worst split),0.813974,52499291.77,1,0.693147181,1,1
g2-256-20,K-Means,0.734992,209612477.4,1,0.693147181,1,1
g2-256-20,Bisecting K-Means (largest split),0.686998,209612477.4,1,0.693147181,1,1
g2-256-20,Bisecting K-Means (worst split),0.698002,209612477.4,1,0.693147181,1,1
g2-256-30,K-Means,0.650146,471907644.6,1,0.693147181,1,1
g2-256-30,Bisecting K-Means (largest split),1.118992,471907644.6,1,0.693147181,1,1
g2-256-30,Bisecting K-Means (worst split),0.847004,471907644.6,1,0.693147181,1,1
g2-256-40,K-Means,0.627921,838551477.7,1,0.693147181,1,1
g2-256-40,Bisecting K-Means (largest split),0.674002,838551477.7,1,0.693147181,1,1
g2-256-40,Bisecting K-Means (worst split),0.756988,838551477.7,1,0.693147181,1,1
g2-256-50,K-Means,1.636995,1309776567,1,0.693147181,1,1
g2-256-50,Bisecting K-Means (largest split),1.09796,1309776567,1,0.693147181,1,1
g2-256-50,Bisecting K-Means (worst split),1.182527,1309776567,1,0.693147181,1,1
g2-256-60,K-Means,0.626999,1883767075,1,0.693147181,1,1
g2-256-60,Bisecting K-Means (largest split),0.753999,1883767075,1,0.693147181,1,1
g2-256-60,Bisecting K-Means (worst split),0.751978,1883767075,1,0.693147181,1,1
g2-256-70,K-Means,0.597001,2573237785,1,0.693147181,1,1
g2-256-70,Bisecting K-Means (largest split),0.641996,2573237785,1,0.693147181,1,1
g2-256-70,Bisecting K-Means (worst split),0.801999,2573237785,1,0.693147181,1,1
g2-256-80,K-Means,0.652742,3354705966,1,0.693147181,1,1
g2-256-80,Bisecting K-Means (largest split),0.660999,3354705966,1,0.693147181,1,1
g2-256-80,Bisecting K-Means (worst split),0.850006,3354705966,1,0.693147181,1,1
g2-256-90,K-Means,0.99201,4231938589,1,0.693147181,1,1
g2-256-90,Bisecting K-Means (largest split),0.725004,4231938589,1,0.693147181,1,1
g2-256-90,Bisecting K-Means (worst split),0.812998,4231938589,1,0.693147181,1,1
g2-256-100,K-Means,0.8,5237912262,1,0.693147181,1,1
g2-256-100,Bisecting K-Means (largest split),0.693998,5237912262,1,0.693147181,1,1
g2-256-100,Bisecting K-Means (worst split),0.741,5237912262,1,0.693147181,1,1
g2-512-10,K-Means,1.191006,104847542.6,1,0.693147181,1,1
g2-512-10,Bisecting K-Means (largest split),2.107996,104847542.6,1,0.693147181,1,1
g2-512-10,Bisecting K-Means (worst split),1.47904,104847542.6,1,0.693147181,1,1
g2-512-20,K-Means,1.221907,419992211.2,1,0.693147181,1,1
g2-512-20,Bisecting K-Means (largest split),2.071078,419992211.2,1,0.693147181,1,1
g2-512-20,Bisecting K-Means (worst split),1.215001,419992211.2,1,0.693147181,1,1
g2-512-30,K-Means,1.15,942130600.2,1,0.693147181,1,1
g2-512-30,Bisecting K-Means (largest split),1.159993,942130600.2,1,0.693147181,1,1
g2-512-30,Bisecting K-Means (worst split),1.218999,942130600.2,1,0.693147181,1,1
g2-512-40,K-Means,1.162995,1676190739,1,0.693147181,1,1
g2-512-40,Bisecting K-Means (largest split),1.261998,1676190739,1,0.693147181,1,1
g2-512-40,Bisecting K-Means (worst split),1.234999,1676190739,1,0.693147181,1,1
g2-512-50,K-Means,1.139003,2618536533,1,0.693147181,1,1
g2-512-50,Bisecting K-Means (largest split),1.267994,2618536533,1,0.693147181,1,1
g2-512-50,Bisecting K-Means (worst split),1.270995,2618536533,1,0.693147181,1,1
g2-512-60,K-Means,1.725997,3761336778,1,0.693147181,1,1
g2-512-60,Bisecting K-Means (largest split),1.290997,3761336778,1,0.693147181,1,1
g2-512-60,Bisecting K-Means (worst split),1.488992,3761336778,1,0.693147181,1,1
g2-512-70,K-Means,2.065,5143557201,1,0.693147181,1,1
g2-512-70,Bisecting K-Means (largest split),1.494998,5143557201,1,0.693147181,1,1
g2-512-70,Bisecting K-Means (worst split),1.321993,5143557201,1,0.693147181,1,1
g2-512-80,K-Means,1.229007,6703684936,1,0.693147181,1,1
g2-512-80,Bisecting K-Means (largest split),1.684001,6703684936,1,0.693147181,1,1
g2-512-80,Bisecting K-Means (worst split),1.861996,6703684936,1,0.693147181,1,1
g2-512-90,K-Means,1.302003,8483285848,1,0.693147181,1,1
g2-512-90,Bisecting K-Means (largest split),1.950483,8483285848,1,0.693147181,1,1
g2-512-90,Bisecting K-Means (worst split),1.743956,8483285848,1,0.693147181,1,1
g2-512-100,K-Means,1.221924,10475222486,1,0.693147181,1,1
g2-512-100,Bisecting K-Means (largest split),1.241956,10475222486,1,0.693147181,1,1
g2-512-100,Bisecting K-Means (worst split),1.403006,10475222486,1,0.693147181,1,1
g2-1024-10,K-Means,2.381,209679675.8,1,0.693147181,1,1
g2-1024-10,Bisecting K-Means (largest split),2.378003,209679675.8,1,0.693147181,1,1
g2-1024-10,Bisecting K-Means (worst split),2.334002,209679675.8,1,0.693147181,1,1
g2-1024-20,K-Means,2.190977,836522305.6,1,0.693147181,1,1
g2-1024-20,Bisecting K-Means (largest split),2.267005,836522305.6,1,0.693147181,1,1
g2-1024-20,Bisecting K-Means (worst split),2.366996,836522305.6,1,0.693147181,1,1
g2-1024-30,K-Means,2.168998,1882935768,1,0.693147181,1,1
g2-1024-30,Bisecting K-Means (largest split),2.254998,1882935768,1,0.693147181,1,1
g2-1024-30,Bisecting K-Means (worst split),2.345998,1882935768,1,0.693147181,1,1
g2-1024-40,K-Means,2.257997,3348534584,1,0.693147181,1,1
g2-1024-40,Bisecting K-Means (largest split),2.341995,3348534584,1,0.693147181,1,1
g2-1024-40,Bisecting K-Means (worst split),2.433026,3348534584,1,0.693147181,1,1
g2-1024-50,K-Means,2.181995,5241919265,1,0.693147181,1,1
g2-1024-50,Bisecting K-Means (largest split),2.523,5241919265,1,0.693147181,1,1
g2-1024-50,Bisecting K-Means (worst split),2.592003,5241919265,1,0.693147181,1,1
g2-1024-60,K-Means,5.704,7536705706,1,0.693147181,1,1
g2-1024-60,Bisecting K-Means (largest split),2.775679,7536705706,1,0.693147181,1,1
g2-1024-60,Bisecting K-Means (worst split),2.541397,7536705706,1,0.693147181,1,1
g2-1024-70,K-Means,2.299956,10273664626,1,0.693147181,1,1
g2-1024-70,Bisecting K-Means (largest split),2.299,10273664626,1,0.693147181,1,1
g2-1024-70,Bisecting K-Means (worst split),3.396275,10273664626,1,0.693147181,1,1
g2-1024-80,K-Means,3.826,13395620556,1,0.693147181,1,1
g2-1024-80,Bisecting K-Means (largest split),2.598001,13395620556,1,0.693147181,1,1
g2-1024-80,Bisecting K-Means (worst split),3.245001,13395620556,1,0.693147181,1,1
g2-1024-90,K-Means,2.644997,16956686125,1,0.693147181,1,1
g2-1024-90,Bisecting K-Means (largest split),3.050996,16956686125,1,0.693147181,1,1
g2-1024-90,Bisecting K-Means (worst split),2.535,16956686125,1,0.693147181,1,1
g2-1024-100,K-Means,3.022004,20934587386,1,0.693147181,1,1
g2-1024-100,Bisecting K-Means (largest split),2.642,20934587386,1,0.693147181,1,1
g2-1024-100,Bisecting K-Means (worst split),3.032001,20934587386,1,0.693147181,1,1
g2-1-10,K-Means Random Seed,0.024997,200349.7559,1,0.693147181,1,1
g2-1-10,Bisecting K-Means Random Seed (largest split),0.029018,200349.7559,1,0.693147181,1,1
g2-1-10,Bisecting K-Means Random Seed (worst split),0.034978,200349.7559,1,0.693147181,1,1
g2-1-20,K-Means Random Seed,0.047005,765226.7871,1,0.693147181,1,1
g2-1-20,Bisecting K-Means Random Seed (largest split),0.035015,765226.7871,1,0.693147181,1,1
g2-1-20,Bisecting K-Means Random Seed (worst split),0.037003,765226.7871,1,0.693147181,1,1
g2-1-30,K-Means Random Seed,0.044019,1662578.662,1,0.693099496,1,1
g2-1-30,Bisecting K-Means Random Seed (largest split),0.043995,1662578.662,1,0.693099496,1,1
g2-1-30,Bisecting K-Means Random Seed (worst split),0.052006,1662578.662,1,0.693099496,1,1
g2-1-40,K-Means Random Seed,0.044019,2293377.544,0.986368199,0.672420424,0.970474519,0.993184453
g2-1-40,Bisecting K-Means Random Seed (largest split),0.043002,2293377.544,0.986368199,0.672420424,0.970474519,0.993184453
g2-1-40,Bisecting K-Means Random Seed (worst split),0.047996,2293377.544,0.986368199,0.672420424,0.970474519,0.993184453
g2-1-50,K-Means Random Seed,0.048996,3271503.818,1,0.692916374,1,1
g2-1-50,Bisecting K-Means Random Seed (largest split),0.055007,3271503.818,1,0.692916374,1,1
g2-1-50,Bisecting K-Means Random Seed (worst split),0.053003,3271503.818,1,0.692916374,1,1
g2-1-60,K-Means Random Seed,0.054016,4272850.911,1,0.693139551,1,1
g2-1-60,Bisecting K-Means Random Seed (largest split),0.059994,4272850.911,1,0.693139551,1,1
g2-1-60,Bisecting K-Means Random Seed (worst split),0.069001,4272850.911,1,0.693139551,1,1
g2-1-70,K-Means Random Seed,0.058006,5062563.223,0.982490572,0.667851684,0.96364056,0.991242707
g2-1-70,Bisecting K-Means Random Seed (largest split),0.061006,5062585.492,1,0.693108556,1,1
g2-1-70,Bisecting K-Means Random Seed (worst split),0.057014,5062563.223,0.982490572,0.667851684,0.96364056,0.991242707
g2-1-80,K-Means Random Seed,0.060018,6389400.084,0.963216681,0.64522014,0.933112015,0.981661522
g2-1-80,Bisecting K-Means Random Seed (largest split),0.052993,6389400.084,0.963216681,0.64522014,0.933112015,0.981661522
g2-1-80,Bisecting K-Means Random Seed (worst split),0.061979,6389400.084,0.963216681,0.64522014,0.933112015,0.981661522
g2-1-90,K-Means Random Seed,0.079969,8023717.617,0.992198948,0.680361249,0.981557176,0.996097587
g2-1-90,Bisecting K-Means Random Seed (largest split),0.069994,8023717.617,0.992198948,0.680361249,0.981557176,0.996097587
g2-1-90,Bisecting K-Means Random Seed (worst split),0.067998,8023717.617,0.992198948,0.680361249,0.981557176,0.996097587
g2-1-100,K-Means Random Seed,0.059011,9509572.026,0.967056219,0.649335907,0.93883085,0.983569992
g2-1-100,Bisecting K-Means Random Seed (largest split),0.06398,9508991.317,0.967056219,0.649335907,0.93883085,0.983569992
g2-1-100,Bisecting K-Means Random Seed (worst split),0.069018,9508991.317,0.967056219,0.649335907,0.93883085,0.983569992
g2-2-10,K-Means Random Seed,0.031018,418803.1689,1,0.693147181,1,1
g2-2-10,Bisecting K-Means Random Seed (largest split),0.031021,418803.1689,1,0.693147181,1,1
g2-2-10,Bisecting K-Means Random Seed (worst split),0.039002,418803.1689,1,0.693147181,1,1
g2-2-20,K-Means Random Seed,0.035973,1628119.6,1,0.693147181,1,1
g2-2-20,Bisecting K-Means Random Seed (largest split),0.035019,1628119.6,1,0.693147181,1,1
g2-2-20,Bisecting K-Means Random Seed (worst split),0.039999,1628119.6,1,0.693147181,1,1
g2-2-30,K-Means Random Seed,0.040996,3652317.456,1,0.693130014,1,1
g2-2-30,Bisecting K-Means Random Seed (largest split),0.043001,3652317.456,1,0.693130014,1,1
g2-2-30,Bisecting K-Means Random Seed (worst split),0.053002,3652317.456,1,0.693130014,1,1
g2-2-40,K-Means Random Seed,0.045187,6315666.21,0.994146349,0.683122633,0.98555967,0.997071835
g2-2-40,Bisecting K-Means Random Seed (largest split),0.047996,6315666.21,0.994146349,0.683122633,0.98555967,0.997071835
g2-2-40,Bisecting K-Means Random Seed (worst split),0.053978,6315666.21,0.994146349,0.683122633,0.98555967,0.997071835
g2-2-50,K-Means Random Seed,0.047009,8874807.384,1,0.693142889,1,1
g2-2-50,Bisecting K-Means Random Seed (largest split),0.049983,8874807.384,1,0.693142889,1,1
g2-2-50,Bisecting K-Means Random Seed (worst split),0.057012,8874807.384,1,0.693142889,1,1
g2-2-60,K-Means Random Seed,0.055049,12439018.46,1,0.693130014,1,1
g2-2-60,Bisecting K-Means Random Seed (largest split),0.062996,12439018.46,1,0.693130014,1,1
g2-2-60,Bisecting K-Means Random Seed (worst split),0.062981,12439018.46,1,0.693130014,1,1
g2-2-70,K-Means Random Seed,0.060975,16168783.83,0.961299875,0.643469913,0.930331983,0.980698697
g2-2-70,Bisecting K-Means Random Seed (largest split),0.066016,16168783.83,0.961299875,0.643469913,0.930331983,0.980698697
g2-2-70,Bisecting K-Means Random Seed (worst split),0.070992,16168783.83,0.961299875,0.643469913,0.930331983,0.980698697
g2-2-80,K-Means Random Seed,0.066976,21205047.71,0.976688445,0.658502732,0.950157204,0.988340892
g2-2-80,Bisecting K-Means Random Seed (largest split),0.074002,21204921.14,0.972829902,0.654058054,0.943768632,0.986411565
g2-2-80,Bisecting K-Means Random Seed (worst split),0.074006,21204921.14,0.972829902,0.654058054,0.943768632,0.986411565
g2-2-90,K-Means Random Seed,0.070985,25483123.2,0.990253394,0.676190306,0.977688758,0.995139225
g2-2-90,Bisecting K-Means Random Seed (largest split),0.070028,25483054.2,0.996095636,0.68463631,0.989782812,0.998052506
g2-2-90,Bisecting K-Means Random Seed (worst split),0.072978,25483046.06,0.994146315,0.681669691,0.985532377,0.997080348
g2-2-100,K-Means Random Seed,0.073022,31011471.25,0.99414635,0.681846428,0.984208723,0.997073858
g2-2-100,Bisecting K-Means Random Seed (largest split),0.082952,31011528.68,1,0.692799526,1,1
g2-2-100,Bisecting K-Means Random Seed (worst split),0.086042,31011445.48,0.99414635,0.681846428,0.984208723,0.997073858
g2-4-10,K-Means Random Seed,0.034995,812676.917,1,0.693147181,1,1
g2-4-10,Bisecting K-Means Random Seed (largest split),0.036015,812676.917,1,0.693147181,1,1
g2-4-10,Bisecting K-Means Random Seed (worst split),0.038993,812676.917,1,0.693147181,1,1
g2-4-20,K-Means Random Seed,0.030981,3183311.222,1,0.693147181,1,1
g2-4-20,Bisecting K-Means Random Seed (largest split),0.042014,3183311.222,1,0.693147181,1,1
g2-4-20,Bisecting K-Means Random Seed (worst split),0.041996,3183311.222,1,0.693147181,1,1
g2-4-30,K-Means Random Seed,0.041004,7465091.415,1,0.693147181,1,1
g2-4-30,Bisecting K-Means Random Seed (largest split),0.04204,7465091.415,1,0.693147181,1,1
g2-4-30,Bisecting K-Means Random Seed (worst split),0.043977,7465091.415,1,0.693147181,1,1
g2-4-40,K-Means Random Seed,0.043977,13119018.61,1,0.693145273,1,1
g2-4-40,Bisecting K-Means Random Seed (largest split),0.052995,13119018.61,1,0.693145273,1,1
g2-4-40,Bisecting K-Means Random Seed (worst split),0.049983,13119018.61,1,0.693145273,1,1
g2-4-50,K-Means Random Seed,0.052935,20009216.04,1,0.693139551,1,1
g2-4-50,Bisecting K-Means Random Seed (largest split),0.068018,20009216.04,1,0.693139551,1,1
g2-4-50,Bisecting K-Means Random Seed (worst split),0.056972,20009216.04,1,0.693139551,1,1
g2-4-60,K-Means Random Seed,0.05301,28534736.21,1,0.693130014,1,1
g2-4-60,Bisecting K-Means Random Seed (largest split),0.06201,28534736.21,1,0.693130014,1,1
g2-4-60,Bisecting K-Means Random Seed (worst split),0.062984,28534736.21,1,0.693130014,1,1
g2-4-70,K-Means Random Seed,0.057945,37971714.88,1,0.692799526,1,1
g2-4-70,Bisecting K-Means Random Seed (largest split),0.063018,37971714.88,1,0.692799526,1,1
g2-4-70,Bisecting K-Means Random Seed (worst split),0.066025,37971714.88,1,0.692799526,1,1
g2-4-80,K-Means Random Seed,0.064004,49233486.65,1,0.693142889,1,1
g2-4-80,Bisecting K-Means Random Seed (largest split),0.068995,49233486.65,1,0.693142889,1,1
g2-4-80,Bisecting K-Means Random Seed (worst split),0.071997,49233486.65,1,0.693142889,1,1
g2-4-90,K-Means Random Seed,0.067977,61315619.69,0.996095657,0.686077551,0.989802042,0.998046879
g2-4-90,Bisecting K-Means Random Seed (largest split),0.065996,61315738.46,0.994146348,0.682206431,0.984216174,0.997071746
g2-4-90,Bisecting K-Means Random Seed (worst split),0.069978,61315584.68,0.994146348,0.682206431,0.984216174,0.997071746
g2-4-100,K-Means Random Seed,0.072976,74333006.91,1,0.693146704,1,1
g2-4-100,Bisecting K-Means Random Seed (largest split),0.072,74333006.91,1,0.693146704,1,1
g2-4-100,Bisecting K-Means Random Seed (worst split),0.079007,74333006.91,1,0.693146704,1,1
g2-8-10,K-Means Random Seed,0.039007,1634146.454,1,0.693147181,1,1
g2-8-10,Bisecting K-Means Random Seed (largest split),0.043979,1634146.454,1,0.693147181,1,1
g2-8-10,Bisecting K-Means Random Seed (worst split),0.053023,1634146.454,1,0.693147181,1,1
g2-8-20,K-Means Random Seed,0.046984,6527511.586,1,0.693147181,1,1
g2-8-20,Bisecting K-Means Random Seed (largest split),0.046034,6527511.586,1,0.693147181,1,1
g2-8-20,Bisecting K-Means Random Seed (worst split),0.051003,6527511.586,1,0.693147181,1,1
g2-8-30,K-Means Random Seed,0.050009,14685616.26,1,0.693147181,1,1
g2-8-30,Bisecting K-Means Random Seed (largest split),0.044013,14685616.26,1,0.693147181,1,1
g2-8-30,Bisecting K-Means Random Seed (worst split),0.050143,14685616.26,1,0.693147181,1,1
g2-8-40,K-Means Random Seed,0.045976,26350901.33,1,0.693147181,1,1
g2-8-40,Bisecting K-Means Random Seed (largest split),0.139076,26350901.33,1,0.693147181,1,1
g2-8-40,Bisecting K-Means Random Seed (worst split),0.064005,26350901.33,1,0.693147181,1,1
g2-8-50,K-Means Random Seed,0.061015,40597226.74,1,0.693147181,1,1
g2-8-50,Bisecting K-Means Random Seed (largest split),0.065995,40597226.74,1,0.693147181,1,1
g2-8-50,Bisecting K-Means Random Seed (worst split),0.070014,40597226.74,1,0.693147181,1,1
g2-8-60,K-Means Random Seed,0.067017,58878656.32,1,0.693142889,1,1
g2-8-60,Bisecting K-Means Random Seed (largest split),0.084979,58878656.32,1,0.693142889,1,1
g2-8-60,Bisecting K-Means Random Seed (worst split),0.084019,58878656.32,1,0.693142889,1,1
g2-8-70,K-Means Random Seed,0.066,80438585.37,1,0.693066593,1,1
g2-8-70,Bisecting K-Means Random Seed (largest split),0.079015,80438585.37,1,0.693066593,1,1
g2-8-70,Bisecting K-Means Random Seed (worst split),0.073003,80438585.37,1,0.693066593,1,1
g2-8-80,K-Means Random Seed,0.071999,101879278.4,0.996095657,0.68607374,0.989801992,0.998046894
g2-8-80,Bisecting K-Means Random Seed (largest split),0.086,101879278.4,0.996095657,0.68607374,0.989801992,0.998046894
g2-8-80,Bisecting K-Means Random Seed (worst split),0.088017,101879278.4,0.996095657,0.68607374,0.989801992,0.998046894
g2-8-90,K-Means Random Seed,0.075977,131040811.2,1,0.693116663,1,1
g2-8-90,Bisecting K-Means Random Seed (largest split),0.108327,131040811.2,1,0.693116663,1,1
g2-8-90,Bisecting K-Means Random Seed (worst split),0.093,131040811.2,1,0.693116663,1,1
g2-8-100,K-Means Random Seed,0.092016,162983889.7,0.998046875,0.689271294,0.994412724,0.999022966
g2-8-100,Bisecting K-Means Random Seed (largest split),0.102002,162983889.7,0.998046875,0.689271294,0.994412724,0.999022966
g2-8-100,Bisecting K-Means Random Seed (worst split),0.106999,162983889.7,0.998046875,0.689271294,0.994412724,0.999022966
g2-16-10,K-Means Random Seed,0.066,3276611.647,1,0.693147181,1,1
g2-16-10,Bisecting K-Means Random Seed (largest split),0.071996,3276611.647,1,0.693147181,1,1
g2-16-10,Bisecting K-Means Random Seed (worst split),0.108977,3276611.647,1,0.693147181,1,1
g2-16-20,K-Means Random Seed,0.055018,13122968.5,1,0.693147181,1,1
g2-16-20,Bisecting K-Means Random Seed (largest split),0.057984,13122968.5,1,0.693147181,1,1
g2-16-20,Bisecting K-Means Random Seed (worst split),0.073,13122968.5,1,0.693147181,1,1
g2-16-30,K-Means Random Seed,0.066016,29198738.53,1,0.693147181,1,1
g2-16-30,Bisecting K-Means Random Seed (largest split),0.065052,29198738.53,1,0.693147181,1,1
g2-16-30,Bisecting K-Means Random Seed (worst split),0.064006,29198738.53,1,0.693147181,1,1
g2-16-40,K-Means Random Seed,0.059007,52032324.13,1,0.693147181,1,1
g2-16-40,Bisecting K-Means Random Seed (largest split),0.056984,52032324.13,1,0.693147181,1,1
g2-16-40,Bisecting K-Means Random Seed (worst split),0.069984,52032324.13,1,0.693147181,1,1
g2-16-50,K-Means Random Seed,0.057013,81344118.4,1,0.693147181,1,1
g2-16-50,Bisecting K-Means Random Seed (largest split),0.062984,81344118.4,1,0.693147181,1,1
g2-16-50,Bisecting K-Means Random Seed (worst split),0.109994,81344118.4,1,0.693147181,1,1
g2-16-60,K-Means Random Seed,0.084999,116506201.8,1,0.693147181,1,1
g2-16-60,Bisecting K-Means Random Seed (largest split),0.161993,116506201.8,1,0.693147181,1,1
g2-16-60,Bisecting K-Means Random Seed (worst split),0.086999,116506201.8,1,0.693147181,1,1
g2-16-70,K-Means Random Seed,0.082003,160321712.7,0.998046875,0.6892732,0.994412738,0.999022963
g2-16-70,Bisecting K-Means Random Seed (largest split),0.091994,160321712.7,0.998046875,0.6892732,0.994412738,0.999022963
g2-16-70,Bisecting K-Means Random Seed (worst split),0.098004,160321712.7,0.998046875,0.6892732,0.994412738,0.999022963
g2-16-80,K-Means Random Seed,0.097016,209184900.7,0.998046875,0.689264621,0.994412675,0.999022979
g2-16-80,Bisecting K-Means Random Seed (largest split),0.096973,209184900.7,0.998046875,0.689264621,0.994412675,0.999022979
g2-16-80,Bisecting K-Means Random Seed (worst split),0.095001,209184900.7,0.998046875,0.689264621,0.994412675,0.999022979
g2-16-90,K-Means Random Seed,0.221999,263749923.4,1,0.69313526,1,1
g2-16-90,Bisecting K-Means Random Seed (largest split),0.158997,263749923.4,1,0.69313526,1,1
g2-16-90,Bisecting K-Means Random Seed (worst split),0.216979,263749923.4,1,0.69313526,1,1
g2-16-100,K-Means Random Seed,0.174996,326748761.7,1,0.693139551,1,1
g2-16-100,Bisecting K-Means Random Seed (largest split),0.228999,326748761.7,1,0.693139551,1,1
g2-16-100,Bisecting K-Means Random Seed (worst split),0.114003,326748761.7,1,0.693139551,1,1
g2-32-10,K-Means Random Seed,0.133999,6547030.964,1,0.693147181,1,1
g2-32-10,Bisecting K-Means Random Seed (largest split),0.164996,6547030.964,1,0.693147181,1,1
g2-32-10,Bisecting K-Means Random Seed (worst split),0.187999,6547030.964,1,0.693147181,1,1
g2-32-20,K-Means Random Seed,0.196994,26200482.32,1,0.693147181,1,1
g2-32-20,Bisecting K-Means Random Seed (largest split),0.179996,26200482.32,1,0.693147181,1,1
g2-32-20,Bisecting K-Means Random Seed (worst split),0.153996,26200482.32,1,0.693147181,1,1
g2-32-30,K-Means Random Seed,0.117003,58509007.84,1,0.693147181,1,1
g2-32-30,Bisecting K-Means Random Seed (largest split),0.117005,58509007.84,1,0.693147181,1,1
g2-32-30,Bisecting K-Means Random Seed (worst split),0.133006,58509007.84,1,0.693147181,1,1
g2-32-40,K-Means Random Seed,0.099996,104285639.4,1,0.693147181,1,1
g2-32-40,Bisecting K-Means Random Seed (largest split),0.088997,104285639.4,1,0.693147181,1,1
g2-32-40,Bisecting K-Means Random Seed (worst split),0.094261,104285639.4,1,0.693147181,1,1
g2-32-50,K-Means Random Seed,0.105319,164217281.1,1,0.693147181,1,1
g2-32-50,Bisecting K-Means Random Seed (largest split),0.097993,164217281.1,1,0.693147181,1,1
g2-32-50,Bisecting K-Means Random Seed (worst split),0.123984,164217281.1,1,0.693147181,1,1
g2-32-60,K-Means Random Seed,0.127001,235823718.7,1,0.693147181,1,1
g2-32-60,Bisecting K-Means Random Seed (largest split),0.113991,235823718.7,1,0.693147181,1,1
g2-32-60,Bisecting K-Means Random Seed (worst split),0.134997,235823718.7,1,0.693147181,1,1
g2-32-70,K-Means Random Seed,0.096995,320561367.3,1,0.693147181,1,1
g2-32-70,Bisecting K-Means Random Seed (largest split),0.115996,320561367.3,1,0.693147181,1,1
g2-32-70,Bisecting K-Means Random Seed (worst split),0.102528,320561367.3,1,0.693147181,1,1
g2-32-80,K-Means Random Seed,0.097977,417995063.4,1,0.693147181,1,1
g2-32-80,Bisecting K-Means Random Seed (largest split),0.113978,417995063.4,1,0.693147181,1,1
g2-32-80,Bisecting K-Means Random Seed (worst split),0.109997,417995063.4,1,0.693147181,1,1
g2-32-90,K-Means Random Seed,0.196,527759467.5,1,0.693146704,1,1
g2-32-90,Bisecting K-Means Random Seed (largest split),0.161998,527759467.5,1,0.693146704,1,1
g2-32-90,Bisecting K-Means Random Seed (worst split),0.130004,527759467.5,1,0.693146704,1,1
g2-32-100,K-Means Random Seed,0.119991,653907023.9,0.998046875,0.689268434,0.994412703,0.999022972
g2-32-100,Bisecting K-Means Random Seed (largest split),0.117018,653907023.9,0.998046875,0.689268434,0.994412703,0.999022972
g2-32-100,Bisecting K-Means Random Seed (worst split),0.13,653907023.9,0.998046875,0.689268434,0.994412703,0.999022972
g2-64-10,K-Means Random Seed,0.183976,13043480.78,1,0.693147181,1,1
g2-64-10,Bisecting K-Means Random Seed (largest split),0.169003,13043480.78,1,0.693147181,1,1
g2-64-10,Bisecting K-Means Random Seed (worst split),0.185002,13043480.78,1,0.693147181,1,1
g2-64-20,K-Means Random Seed,0.144995,52560495.76,1,0.693147181,1,1
g2-64-20,Bisecting K-Means Random Seed (largest split),0.151023,52560495.76,1,0.693147181,1,1
g2-64-20,Bisecting K-Means Random Seed (worst split),0.203012,52560495.76,1,0.693147181,1,1
g2-64-30,K-Means Random Seed,0.152997,117876262.7,1,0.693147181,1,1
g2-64-30,Bisecting K-Means Random Seed (largest split),0.158997,117876262.7,1,0.693147181,1,1
g2-64-30,Bisecting K-Means Random Seed (worst split),0.173978,117876262.7,1,0.693147181,1,1
g2-64-40,K-Means Random Seed,0.186999,209942027.8,1,0.693147181,1,1
g2-64-40,Bisecting K-Means Random Seed (largest split),0.163999,209942027.8,1,0.693147181,1,1
g2-64-40,Bisecting K-Means Random Seed (worst split),0.16601,209942027.8,1,0.693147181,1,1
g2-64-50,K-Means Random Seed,0.199994,326468469.4,1,0.693147181,1,1
g2-64-50,Bisecting K-Means Random Seed (largest split),0.175021,326468469.4,1,0.693147181,1,1
g2-64-50,Bisecting K-Means Random Seed (worst split),0.167987,326468469.4,1,0.693147181,1,1
g2-64-60,K-Means Random Seed,0.187,468573187.8,1,0.693147181,1,1
g2-64-60,Bisecting K-Means Random Seed (largest split),0.251001,468573187.8,1,0.693147181,1,1
g2-64-60,Bisecting K-Means Random Seed (worst split),0.209001,468573187.8,1,0.693147181,1,1
g2-64-70,K-Means Random Seed,0.240999,638078279.5,1,0.693147181,1,1
g2-64-70,Bisecting K-Means Random Seed (largest split),0.195998,638078279.5,1,0.693147181,1,1
g2-64-70,Bisecting K-Means Random Seed (worst split),0.242,638078279.5,1,0.693147181,1,1
g2-64-80,K-Means Random Seed,0.236994,837041127,1,0.693147181,1,1
g2-64-80,Bisecting K-Means Random Seed (largest split),0.255996,837041127,1,0.693147181,1,1
g2-64-80,Bisecting K-Means Random Seed (worst split),0.248992,837041127,1,0.693147181,1,1
g2-64-90,K-Means Random Seed,0.267005,1065350978,1,0.693147181,1,1
g2-64-90,Bisecting K-Means Random Seed (largest split),0.229005,1065350978,1,0.693147181,1,1
g2-64-90,Bisecting K-Means Random Seed (worst split),0.182998,1065350978,1,0.693147181,1,1
g2-64-100,K-Means Random Seed,0.191025,1313683852,1,0.693147181,1,1
g2-64-100,Bisecting K-Means Random Seed (largest split),0.197994,1313683852,1,0.693147181,1,1
g2-64-100,Bisecting K-Means Random Seed (worst split),0.183995,1313683852,1,0.693147181,1,1
g2-128-10,K-Means Random Seed,0.291978,26352669.99,1,0.693147181,1,1
g2-128-10,Bisecting K-Means Random Seed (largest split),0.361999,26352669.99,1,0.693147181,1,1
g2-128-10,Bisecting K-Means Random Seed (worst split),0.533004,26352669.99,1,0.693147181,1,1
g2-128-20,K-Means Random Seed,0.287002,104790246.6,1,0.693147181,1,1
g2-128-20,Bisecting K-Means Random Seed (largest split),0.356994,104790246.6,1,0.693147181,1,1
g2-128-20,Bisecting K-Means Random Seed (worst split),0.305001,104790246.6,1,0.693147181,1,1
g2-128-30,K-Means Random Seed,0.291359,236198039.4,1,0.693147181,1,1
g2-128-30,Bisecting K-Means Random Seed (largest split),0.351998,236198039.4,1,0.693147181,1,1
g2-128-30,Bisecting K-Means Random Seed (worst split),0.342005,236198039.4,1,0.693147181,1,1
g2-128-40,K-Means Random Seed,0.316996,420845463.7,1,0.693147181,1,1
g2-128-40,Bisecting K-Means Random Seed (largest split),0.52,420845463.7,1,0.693147181,1,1
g2-128-40,Bisecting K-Means Random Seed (worst split),0.436998,420845463.7,1,0.693147181,1,1
g2-128-50,K-Means Random Seed,0.302005,654022111.5,1,0.693147181,1,1
g2-128-50,Bisecting K-Means Random Seed (largest split),0.375003,654022111.5,1,0.693147181,1,1
g2-128-50,Bisecting K-Means Random Seed (worst split),0.466,654022111.5,1,0.693147181,1,1
g2-128-60,K-Means Random Seed,0.365004,947476386.1,1,0.693147181,1,1
g2-128-60,Bisecting K-Means Random Seed (largest split),0.387977,947476386.1,1,0.693147181,1,1
g2-128-60,Bisecting K-Means Random Seed (worst split),0.430997,947476386.1,1,0.693147181,1,1
g2-128-70,K-Means Random Seed,0.369979,1290144185,1,0.693147181,1,1
g2-128-70,Bisecting K-Means Random Seed (largest split),0.337991,1290144185,1,0.693147181,1,1
g2-128-70,Bisecting K-Means Random Seed (worst split),0.373006,1290144185,1,0.693147181,1,1
g2-128-80,K-Means Random Seed,0.418991,1670697441,1,0.693147181,1,1
g2-128-80,Bisecting K-Means Random Seed (largest split),0.437002,1670697441,1,0.693147181,1,1
g2-128-80,Bisecting K-Means Random Seed (worst split),0.607003,1670697441,1,0.693147181,1,1
g2-128-90,K-Means Random Seed,0.575037,2126636034,1,0.693147181,1,1
g2-128-90,Bisecting K-Means Random Seed (largest split),0.514005,2126636034,1,0.693147181,1,1
g2-128-90,Bisecting K-Means Random Seed (worst split),0.384814,2126636034,1,0.693147181,1,1
g2-128-100,K-Means Random Seed,0.369002,2630071804,1,0.693147181,1,1
g2-128-100,Bisecting K-Means Random Seed (largest split),0.335994,2630071804,1,0.693147181,1,1
g2-128-100,Bisecting K-Means Random Seed (worst split),0.348246,2630071804,1,0.693147181,1,1
g2-256-10,K-Means Random Seed,0.859999,52499291.77,1,0.693147181,1,1
g2-256-10,Bisecting K-Means Random Seed (largest split),0.667001,52499291.77,1,0.693147181,1,1
g2-256-10,Bisecting K-Means Random Seed (worst split),0.798999,52499291.77,1,0.693147181,1,1
g2-256-20,K-Means Random Seed,0.937038,209612477.4,1,0.693147181,1,1
g2-256-20,Bisecting K-Means Random Seed (largest split),1.291995,209612477.4,1,0.693147181,1,1
g2-256-20,Bisecting K-Means Random Seed (worst split),0.617996,209612477.4,1,0.693147181,1,1
g2-256-30,K-Means Random Seed,0.660977,471907644.6,1,0.693147181,1,1
g2-256-30,Bisecting K-Means Random Seed (largest split),0.861001,471907644.6,1,0.693147181,1,1
g2-256-30,Bisecting K-Means Random Seed (worst split),1.116997,471907644.6,1,0.693147181,1,1
g2-256-40,K-Means Random Seed,0.956996,838551477.7,1,0.693147181,1,1
g2-256-40,Bisecting K-Means Random Seed (largest split),1.350996,838551477.7,1,0.693147181,1,1
g2-256-40,Bisecting K-Means Random Seed (worst split),1.270001,838551477.7,1,0.693147181,1,1
g2-256-50,K-Means Random Seed,0.588208,1309776567,1,0.693147181,1,1
g2-256-50,Bisecting K-Means Random Seed (largest split),0.614062,1309776567,1,0.693147181,1,1
g2-256-50,Bisecting K-Means Random Seed (worst split),0.626998,1309776567,1,0.693147181,1,1
g2-256-60,K-Means Random Seed,0.558999,1883767075,1,0.693147181,1,1
g2-256-60,Bisecting K-Means Random Seed (largest split),0.614729,1883767075,1,0.693147181,1,1
g2-256-60,Bisecting K-Means Random Seed (worst split),0.642979,1883767075,1,0.693147181,1,1
g2-256-70,K-Means Random Seed,0.594993,2573237785,1,0.693147181,1,1
g2-256-70,Bisecting K-Means Random Seed (largest split),0.613001,2573237785,1,0.693147181,1,1
g2-256-70,Bisecting K-Means Random Seed (worst split),0.69602,2573237785,1,0.693147181,1,1
g2-256-80,K-Means Random Seed,0.965511,3354705966,1,0.693147181,1,1
g2-256-80,Bisecting K-Means Random Seed (largest split),0.695995,3354705966,1,0.693147181,1,1
g2-256-80,Bisecting K-Means Random Seed (worst split),0.911992,3354705966,1,0.693147181,1,1
g2-256-90,K-Means Random Seed,0.659986,4231938589,1,0.693147181,1,1
g2-256-90,Bisecting K-Means Random Seed (largest split),0.657003,4231938589,1,0.693147181,1,1
g2-256-90,Bisecting K-Means Random Seed (worst split),0.614609,4231938589,1,0.693147181,1,1
g2-256-100,K-Means Random Seed,0.555001,5237912262,1,0.693147181,1,1
g2-256-100,Bisecting K-Means Random Seed (largest split),0.760981,5237912262,1,0.693147181,1,1
g2-256-100,Bisecting K-Means Random Seed (worst split),0.787002,5237912262,1,0.693147181,1,1
g2-512-10,K-Means Random Seed,1.144994,104847542.6,1,0.693147181,1,1
g2-512-10,Bisecting K-Means Random Seed (largest split),1.239975,104847542.6,1,0.693147181,1,1
g2-512-10,Bisecting K-Means Random Seed (worst split),1.486001,104847542.6,1,0.693147181,1,1
g2-512-20,K-Means Random Seed,1.46629,419992211.2,1,0.693147181,1,1
g2-512-20,Bisecting K-Means Random Seed (largest split),1.279112,419992211.2,1,0.693147181,1,1
g2-512-20,Bisecting K-Means Random Seed (worst split),1.265029,419992211.2,1,0.693147181,1,1
g2-512-30,K-Means Random Seed,1.322996,942130600.2,1,0.693147181,1,1
g2-512-30,Bisecting K-Means Random Seed (largest split),1.111995,942130600.2,1,0.693147181,1,1
g2-512-30,Bisecting K-Means Random Seed (worst split),1.245993,942130600.2,1,0.693147181,1,1
g2-512-40,K-Means Random Seed,1.472994,1676190739,1,0.693147181,1,1
g2-512-40,Bisecting K-Means Random Seed (largest split),1.099,1676190739,1,0.693147181,1,1
g2-512-40,Bisecting K-Means Random Seed (worst split),1.159998,1676190739,1,0.693147181,1,1
g2-512-50,K-Means Random Seed,1.288997,2618536533,1,0.693147181,1,1
g2-512-50,Bisecting K-Means Random Seed (largest split),1.206994,2618536533,1,0.693147181,1,1
g2-512-50,Bisecting K-Means Random Seed (worst split),1.256999,2618536533,1,0.693147181,1,1
g2-512-60,K-Means Random Seed,1.808999,3761336778,1,0.693147181,1,1
g2-512-60,Bisecting K-Means Random Seed (largest split),1.115002,3761336778,1,0.693147181,1,1
g2-512-60,Bisecting K-Means Random Seed (worst split),1.346998,3761336778,1,0.693147181,1,1
g2-512-70,K-Means Random Seed,1.241696,5143557201,1,0.693147181,1,1
g2-512-70,Bisecting K-Means Random Seed (largest split),1.248001,5143557201,1,0.693147181,1,1
g2-512-70,Bisecting K-Means Random Seed (worst split),1.589999,5143557201,1,0.693147181,1,1
g2-512-80,K-Means Random Seed,1.344995,6703684936,1,0.693147181,1,1
g2-512-80,Bisecting K-Means Random Seed (largest split),1.764001,6703684936,1,0.693147181,1,1
g2-512-80,Bisecting K-Means Random Seed (worst split),1.166998,6703684936,1,0.693147181,1,1
g2-512-90,K-Means Random Seed,1.284972,8483285848,1,0.693147181,1,1
g2-512-90,Bisecting K-Means Random Seed (largest split),1.421995,8483285848,1,0.693147181,1,1
g2-512-90,Bisecting K-Means Random Seed (worst split),1.814,8483285848,1,0.693147181,1,1
g2-512-100,K-Means Random Seed,1.426994,10475222486,1,0.693147181,1,1
g2-512-100,Bisecting K-Means Random Seed (largest split),1.332254,10475222486,1,0.693147181,1,1
g2-512-100,Bisecting K-Means Random Seed (worst split),1.247007,10475222486,1,0.693147181,1,1
g2-1024-10,K-Means Random Seed,2.482966,209679675.8,1,0.693147181,1,1
g2-1024-10,Bisecting K-Means Random Seed (largest split),2.285003,209679675.8,1,0.693147181,1,1
g2-1024-10,Bisecting K-Means Random Seed (worst split),2.488003,209679675.8,1,0.693147181,1,1
g2-1024-20,K-Means Random Seed,2.252003,836522305.6,1,0.693147181,1,1
g2-1024-20,Bisecting K-Means Random Seed (largest split),2.237467,836522305.6,1,0.693147181,1,1
g2-1024-20,Bisecting K-Means Random Seed (worst split),2.537999,836522305.6,1,0.693147181,1,1
g2-1024-30,K-Means Random Seed,2.206138,1882935768,1,0.693147181,1,1
g2-1024-30,Bisecting K-Means Random Seed (largest split),2.46809,1882935768,1,0.693147181,1,1
g2-1024-30,Bisecting K-Means Random Seed (worst split),2.634003,1882935768,1,0.693147181,1,1
g2-1024-40,K-Means Random Seed,2.368993,3348534584,1,0.693147181,1,1
g2-1024-40,Bisecting K-Means Random Seed (largest split),3.037006,3348534584,1,0.693147181,1,1
g2-1024-40,Bisecting K-Means Random Seed (worst split),2.540998,3348534584,1,0.693147181,1,1
g2-1024-50,K-Means Random Seed,2.400285,5241919265,1,0.693147181,1,1
g2-1024-50,Bisecting K-Means Random Seed (largest split),2.449997,5241919265,1,0.693147181,1,1
g2-1024-50,Bisecting K-Means Random Seed (worst split),3.216548,5241919265,1,0.693147181,1,1
g2-1024-60,K-Means Random Seed,2.512041,7536705706,1,0.693147181,1,1
g2-1024-60,Bisecting K-Means Random Seed (largest split),2.759007,7536705706,1,0.693147181,1,1
g2-1024-60,Bisecting K-Means Random Seed (worst split),3.504006,7536705706,1,0.693147181,1,1
g2-1024-70,K-Means Random Seed,2.807994,10273664626,1,0.693147181,1,1
g2-1024-70,Bisecting K-Means Random Seed (largest split),2.553003,10273664626,1,0.693147181,1,1
g2-1024-70,Bisecting K-Means Random Seed (worst split),2.367994,10273664626,1,0.693147181,1,1
g2-1024-80,K-Means Random Seed,2.322994,13395620556,1,0.693147181,1,1
g2-1024-80,Bisecting K-Means Random Seed (largest split),3.070995,13395620556,1,0.693147181,1,1
g2-1024-80,Bisecting K-Means Random Seed (worst split),3.878017,13395620556,1,0.693147181,1,1
g2-1024-90,K-Means Random Seed,2.674007,16956686125,1,0.693147181,1,1
g2-1024-90,Bisecting K-Means Random Seed (largest split),2.582463,16956686125,1,0.693147181,1,1
g2-1024-90,Bisecting K-Means Random Seed (worst split),2.596,16956686125,1,0.693147181,1,1
g2-1024-100,K-Means Random Seed,2.423998,20934587386,1,0.693147181,1,1
g2-1024-100,Bisecting K-Means Random Seed (largest split),2.924004,20934587386,1,0.693147181,1,1
g2-1024-100,Bisecting K-Means Random Seed (worst split),3.589008,20934587386,1,0.693147181,1,1
